<keymap version="1" name="macOS copy" parent="Mac OS X 10.5+">
  <action id="ActivateStructureToolWindow">
    <keyboard-shortcut first-keystroke="ctrl 7" />
  </action>
  <action id="ChangesView.SetDefault" />
  <action id="CommentByBlockComment">
    <keyboard-shortcut first-keystroke="meta alt slash" />
    <keyboard-shortcut first-keystroke="meta alt divide" />
    <keyboard-shortcut first-keystroke="shift ctrl slash" />
    <keyboard-shortcut first-keystroke="shift ctrl divide" />
    <keyboard-shortcut first-keystroke="shift meta slash" />
    <keyboard-shortcut first-keystroke="shift meta divide" />
    <keyboard-shortcut first-keystroke="shift meta divide" />
    <keyboard-shortcut first-keystroke="shift meta 7" />
  </action>
  <action id="CommentByLineComment">
    <keyboard-shortcut first-keystroke="meta slash" />
    <keyboard-shortcut first-keystroke="meta divide" />
    <keyboard-shortcut first-keystroke="meta 7" />
  </action>
  <action id="DumpMLCompletionFeatures" />
  <action id="EditorDeleteLine">
    <keyboard-shortcut first-keystroke="meta back_space" />
    <keyboard-shortcut first-keystroke="meta y" />
  </action>
  <action id="ExpandAllRegions">
    <keyboard-shortcut first-keystroke="shift meta equals" />
    <keyboard-shortcut first-keystroke="shift meta 0" />
  </action>
  <action id="ExpandRegion">
    <keyboard-shortcut first-keystroke="meta add" />
    <keyboard-shortcut first-keystroke="meta equals" />
    <keyboard-shortcut first-keystroke="shift meta plus" />
  </action>
  <action id="ExpandRegionRecursively">
    <keyboard-shortcut first-keystroke="meta alt add" />
    <keyboard-shortcut first-keystroke="meta alt equals" />
    <keyboard-shortcut first-keystroke="shift meta alt 0" />
  </action>
  <action id="GotoBookmark7" />
  <action id="MoveEditorToOppositeTabGroup">
    <keyboard-shortcut first-keystroke="ctrl meta o" />
  </action>
  <action id="NextEditorTab">
    <keyboard-shortcut first-keystroke="shift ctrl alt right" />
  </action>
  <action id="NextSplitter">
    <keyboard-shortcut first-keystroke="alt tab" />
    <keyboard-shortcut first-keystroke="meta alt tab" />
    <keyboard-shortcut first-keystroke="ctrl meta tab" />
  </action>
  <action id="NextTab">
    <keyboard-shortcut first-keystroke="shift meta close_bracket" />
    <keyboard-shortcut first-keystroke="shift meta alt 9" />
    <keyboard-shortcut first-keystroke="shift meta tab" />
  </action>
  <action id="PrevSplitter">
    <keyboard-shortcut first-keystroke="shift alt tab" />
    <keyboard-shortcut first-keystroke="shift meta alt tab" />
    <keyboard-shortcut first-keystroke="shift ctrl meta tab" />
  </action>
  <action id="PreviousEditorTab">
    <keyboard-shortcut first-keystroke="shift ctrl alt left" />
  </action>
  <action id="PreviousTab">
    <keyboard-shortcut first-keystroke="shift meta open_bracket" />
    <keyboard-shortcut first-keystroke="ctrl left" />
    <keyboard-shortcut first-keystroke="shift meta alt 8" />
  </action>
  <action id="QuickTypeDefinition">
    <keyboard-shortcut first-keystroke="alt v" />
  </action>
  <action id="SplitVertically">
    <keyboard-shortcut first-keystroke="ctrl meta e" />
  </action>
</keymap>